name,content
วันที่ 1 กลุ่มที่ 2 ข่าวที่ 31,เนื้อหาข่าวของ วันที่ 1 กลุ่มที่ 2 ข่าวที่ 31
วันที่ 1 กลุ่มที่ 2 ข่าวที่ 32,เนื้อหาข่าวของ วันที่ 1 กลุ่มที่ 2 ข่าวที่ 32
วันที่ 1 กลุ่มที่ 2 ข่าวที่ 33,เนื้อหาข่าวของ วันที่ 1 กลุ่มที่ 2 ข่าวที่ 33
วันที่ 1 กลุ่มที่ 2 ข่าวที่ 34,เนื้อหาข่าวของ วันที่ 1 กลุ่มที่ 2 ข่าวที่ 34
วันที่ 1 กลุ่มที่ 2 ข่าวที่ 35,เนื้อหาข่าวของ วันที่ 1 กลุ่มที่ 2 ข่าวที่ 35
วันที่ 1 กลุ่มที่ 2 ข่าวที่ 36,เนื้อหาข่าวของ วันที่ 1 กลุ่มที่ 2 ข่าวที่ 36
วันที่ 1 กลุ่มที่ 2 ข่าวที่ 37,เนื้อหาข่าวของ วันที่ 1 กลุ่มที่ 2 ข่าวที่ 37
วันที่ 1 กลุ่มที่ 2 ข่าวที่ 38,เนื้อหาข่าวของ วันที่ 1 กลุ่มที่ 2 ข่าวที่ 38
วันที่ 1 กลุ่มที่ 2 ข่าวที่ 39,เนื้อหาข่าวของ วันที่ 1 กลุ่มที่ 2 ข่าวที่ 39
วันที่ 1 กลุ่มที่ 2 ข่าวที่ 40,เนื้อหาข่าวของ วันที่ 1 กลุ่มที่ 2 ข่าวที่ 40